id,created_at,text,likes,in reply to,retweeted,date
1260572861598662659,2020-05-13 14:09:25,There have been three further COVID-19 related deaths reported in Lincolnshire‚Äôs hospitals today https://t.co/3tdbvpEBVB,0,,False,2020-05-13 14:09:25
1260572861590310912,2020-05-13 14:09:25,"RT @Arun2981: Yeh Anurag Thakur wahi hai jisne bola tha CORONA will not create any impact on India‚Äôs economy 

Just 2 months back.... 

ü§¶‚Äç‚ôÇÔ∏è",0,,False,2020-05-13 14:09:25
1260572861229604868,2020-05-13 14:09:25,"""Your age doesn‚Äôt necessarily relate to your fitness or how you‚Äôre feeling, or your capacity to do a job.‚Äù

Crystal‚Ä¶ https://t.co/0qZaaYSGRr",0,,False,2020-05-13 14:09:25
1260572861040918535,2020-05-13 14:09:25,RT @g1: Twitter afirma que funcion√°rios poder√£o trabalhar de casa 'para sempre' https://t.co/zdC6SsAXep #G1 #coronav√≠rus https://t.co/49dNE‚Ä¶,0,,False,2020-05-13 14:09:25
1260572860952776704,2020-05-13 14:09:25,"@alperreplaxx @DPGaming @Naru_LoL Corona virusu ilk 1960 larda gorulmus knk, corona virus cesidi olup covid-19 yani‚Ä¶ https://t.co/RqxKGOq3K6",0,alperreplaxx,False,2020-05-13 14:09:25
1260572860806057984,2020-05-13 14:09:24,"RT @damafielyo: @Mippcivzla #13May| üì¢ ¬°LA ETIQUETA DEL D√çA! ‚è©    #VenezuelaConcienciaProductiva

En medio de la pandemia por Covid-19 conti‚Ä¶",0,,False,2020-05-13 14:09:24
1260572860805939200,2020-05-13 14:09:24,RT @WilliamTurton: Joint FBI and DHS statement warns of PRC hackers targeting healthcare and pharmaceutical researchers working on COVID-19‚Ä¶,0,,False,2020-05-13 14:09:24
1260572860680200192,2020-05-13 14:09:24,"RT @narendramodi_in: Inspiring words of a leader to a brave nation.

Corona se ladenge bhi, aur aage badhenge bhi!

Today's pro-MSME decisi‚Ä¶",0,,False,2020-05-13 14:09:24
1260572860554326018,2020-05-13 14:09:24,RT @IngrahamAngle: A few days ago: ‚ÄúGovernor Wolf takes to Twitter to warn those who disobey order‚Äù | ABC27 .. but now we know ‚ÄúNearly 70%‚Ä¶,0,,False,2020-05-13 14:09:24
1260572860512448520,2020-05-13 14:09:24,RT @stwrtdalla: dor no peito n√£o sei se √© gases ansiedade corona estresse in√≠cio de um ataque card√≠aco sei l√° t√° foda,0,,False,2020-05-13 14:09:24
1260572860487254017,2020-05-13 14:09:24,RT @Macarena_Olona: ¬øLa Comisi√≥n de Reconstrucci√≥n del @Congreso_Es? Estaremos s√≥lo para exigir el cese de este Gobierno de la muerte y la‚Ä¶,0,,False,2020-05-13 14:09:24
1260572860432748546,2020-05-13 14:09:24,‰ΩïÂõûË¶ã„Å¶„ÇÇCOVID„ÇíGODIVA„Å®Ë™≠„ÅøÈñìÈÅï„Åà„Å°„ÇÉ„ÅÜ„ÄÅ„ÄÅ,0,,False,2020-05-13 14:09:24
1260572860323594241,2020-05-13 14:09:24,@dcexaminer @realDonaldTrump YOU CAN TEST IF SOMEONE HAS CORONA WITHIN AN HOUR AND IRELAND AND F ING ENGLAND WANT T‚Ä¶ https://t.co/fn09I5NSfm,0,anastasilinecy,False,2020-05-13 14:09:24
1260572860290121728,2020-05-13 14:09:24,RT @infopresidencia: El Presidente @IvanDuque hizo un reconocimiento al trabajo de seguimiento epidemiol√≥gico que se ha venido haciendo en‚Ä¶,0,,False,2020-05-13 14:09:24
1260572860185280515,2020-05-13 14:09:24,RT @stwrtdalla: dor no peito n√£o sei se √© gases ansiedade corona estresse in√≠cio de um ataque card√≠aco sei l√° t√° foda,0,,False,2020-05-13 14:09:24
1260572860172697600,2020-05-13 14:09:24,"RT @octavio_guedes: O suspeito de fraudar a licita√ß√£o para compra de respiradores est√° com Covid. Se agravar, ele vai precisar de um respir‚Ä¶",0,,False,2020-05-13 14:09:24
1260572860164329472,2020-05-13 14:09:24,RT @SSalud_mx: ¬øFormas parte del #PersonalDeSalud? Conoce los lineamientos y gu√≠as que debes tomar en cuenta en la pr√°ctica m√©dica y hospit‚Ä¶,0,,False,2020-05-13 14:09:24
1260572859983900672,2020-05-13 14:09:24,https://t.co/fzlooeu0xX,0,AndersonCalum1,False,2020-05-13 14:09:24
1260572859946147842,2020-05-13 14:09:24,"RT @INCancerologia: No se pueden perder el #webinar con la Dra. @WiesnerCarolina directora del Instituto Nacional de Cancerolog√≠a ""Retos fr‚Ä¶",0,,False,2020-05-13 14:09:24
1260572859895816193,2020-05-13 14:09:24,"RT @GuaraCuchaFE: NM extiende la setentena porque acabaron con las refiner√≠as y han querido ponerlas a funcionar pero no han podido

Porque‚Ä¶",0,,False,2020-05-13 14:09:24
1260572859795152896,2020-05-13 14:09:24,"RT @ChuckCallesto: BREAKING NOW:  DEMS new coronavirus bill slips in rule that  ELIMINATES voter ID requirements... 

What should TRUMP do?",0,,False,2020-05-13 14:09:24
1260572859673567232,2020-05-13 14:09:24,#NavajoNation borders 80 miles of CO River &amp; doesn‚Äôt have access to water. Coal/water frm Navajo lands helped creat‚Ä¶ https://t.co/XFpeAYpO9l,0,,False,2020-05-13 14:09:24
1260572859640033284,2020-05-13 14:09:24,RT @MichaelMacQuil1: How dare @SpeakerPelosi use the term 'HEROS ACT' to fleece AMERICANS! I'd rather starve than see this bill enacted @re‚Ä¶,0,,False,2020-05-13 14:09:24
1260572859585433601,2020-05-13 14:09:24,"RT @oliveiradebea: n√£o √© que o bolsonaro n√£o acredita na epidemia do coronav√≠rus, ele N√ÉO SE IMPORTA com a doen√ßa. ele quer mais que o povo‚Ä¶",0,,False,2020-05-13 14:09:24
1260572859530969089,2020-05-13 14:09:24,"RT @JoeBiden: Donald Trump can put up all of the banners he wants in the Rose Garden, but it doesn‚Äôt change the fact that he failed our nat‚Ä¶",0,,False,2020-05-13 14:09:24
1260572859484844032,2020-05-13 14:09:24,https://t.co/Ma04z6Okf8,0,,False,2020-05-13 14:09:24
1260572859405160448,2020-05-13 14:09:24,"RT @sipr0r_DeltaUno: Nadie, nadie puede aguantar tanto tiempo de encierro. 
Ning√∫n pa√≠s, ning√∫n Estado tiene la capacidad de soportar tanto‚Ä¶",0,,False,2020-05-13 14:09:24
1260572859191222272,2020-05-13 14:09:24,RT @Edomex: Ayuda a reducir el n√∫mero de contagios por #Covid_19mx y juntos #CuidemosTodosDeTodos. #Qu√©dateEnCasa https://t.co/1gHWqQ5VHI,0,,False,2020-05-13 14:09:24
1260572859077922816,2020-05-13 14:09:24,"RT @Psicovivir: Cuando empez√≥ el tema d coronavirus dije que eso iba a beneficiar much√≠simo a maduro y lo iba a atornillar al poder.

Luego‚Ä¶",0,,False,2020-05-13 14:09:24
1260572859023396865,2020-05-13 14:09:24,"RT @DeanBrowningPA: I am calling for the immediate resignation of @SecretaryLevine.

This makes it very clear that she knew the consequence‚Ä¶",0,,False,2020-05-13 14:09:24
1260572858910203909,2020-05-13 14:09:24,RT @khaiartzfar: Ad junior sekolah aku ni sekarang buat food panda. Masa awal kerja time covid aritu dia minta pinjam duit buat modal lepas‚Ä¶,0,,False,2020-05-13 14:09:24
1260572858767548416,2020-05-13 14:09:24,Miami y Hialeah son las ciudades con m√°s aumento de desempleo en EE.UU. por el coronavirus El desempleo en Estados‚Ä¶ https://t.co/qnVpbVdTAY,0,,False,2020-05-13 14:09:24
1260572858750840833,2020-05-13 14:09:24,RT @Nova153: Pourquoi les grands m√©dias dans le monde semblent-ils si d√©sesp√©r√©s de vouloir maintenir le confinement du COVID-19 ? https://‚Ä¶,0,,False,2020-05-13 14:09:24
1260572858654371852,2020-05-13 14:09:24,RT @BreitbartNews: Press Sec. Kayleigh McEnany is making FOOLS out of the Left! https://t.co/74W5v9WEsO,0,,False,2020-05-13 14:09:24
1260572858612428801,2020-05-13 14:09:24,"RT @K_GEN_france: Deux c√©l√®bres idols masculins ont √©t√© vus dans un bar de Itaewon en pleine √©pid√©mie de coronavirus
https://t.co/EI3xgfV3W‚Ä¶",0,,False,2020-05-13 14:09:24
1260572858545311744,2020-05-13 14:09:24,"RT @fattoquotidiano: Coronavirus, le raccomandazioni di Inail e Iss ai bagnini: ‚ÄúNo alla respirazione bocca a bocca se qualcuno sta male me‚Ä¶",0,,False,2020-05-13 14:09:24
1260572858461368323,2020-05-13 14:09:24,RT @ReutersJapan: ÂÜçÈñãÊÄ•„Åí„Å∞„Äå‰∏çË¶Å„Å™Ëã¶„Åó„Åø„Äç„ÄÅÁ±≥ÊÑüÊüìÁ†î„Éï„Ç°„Ç¶„ÉÅÊ∞è„ÅåÁ¨¨2Ê≥¢„ÇíË≠¶Âëä https://t.co/yGgw1krHmw,0,,False,2020-05-13 14:09:24
1260572858453016583,2020-05-13 14:09:24,"RT @AIIndia: SOLIDARITY‚úäüèæ‚úäüèø‚úäüèΩ

90 academics and activists condemn the brutal crackdown on dissent and protest which has accompanied India‚Äôs‚Ä¶",0,,False,2020-05-13 14:09:24
1260572858440470533,2020-05-13 14:09:24,RT @FulbrightID: #FulbrighterVirtualEvent - Serena Dasani (2013 #Fulbright ETA to Indonesia) will join the first ‚ÄúFulbright Impact in the F‚Ä¶,0,,False,2020-05-13 14:09:24
1260572858436259841,2020-05-13 14:09:24,RT @YaleSOM: We're thinking about who provides essential services in a different way. People working in a grocery stores are performing ess‚Ä¶,0,,False,2020-05-13 14:09:24
1260572858423685126,2020-05-13 14:09:24,RT @JohnDG_: Is China to blame for Covid 19,0,,False,2020-05-13 14:09:24
1260572858419425282,2020-05-13 14:09:24,"RT @BelkissObadia: üö®FAILURE IN CHIEFüö®

It took one question for a reporter to expose ‚Å¶@realDonaldTrump‚Å© latest baseless Obama conspiracy th‚Ä¶",0,,False,2020-05-13 14:09:24
1260572858327142406,2020-05-13 14:09:24,"RT @mrcllznn: @CalaminiciM @GiusPecoraro No, pazzia. In mano a incapaci, a gente che non ha mai lavorato. Allora anche influenza e morbillo‚Ä¶",0,,False,2020-05-13 14:09:24
1260572858293641216,2020-05-13 14:09:24,"RT @IngrahamAngle: Almost 70% of PA‚Äôs Covid-19 deaths, 2611 of 3806, have occurred in nursing homes or long-term care‚ÄîPA should never have‚Ä¶",0,,False,2020-05-13 14:09:24
1260572858268430337,2020-05-13 14:09:24,"RT @KSUOwlNation: ü¶â ùóîùóπùòÇùó∫ùóªùòÇùòÄ ùóúùóª ùóîùó∞ùòÅùó∂ùóºùóª üò∑

Mickey Dunn's automotive safety company is shifting production to #PPE to help combat COVID-19.‚Ä¶",0,,False,2020-05-13 14:09:24
1260572858260037636,2020-05-13 14:09:24,"RT @ROHLL5: Was it Ignorance or arrogance Governor Cumo forcing COVID-19 patients into nursing homes who died? 

Would you file lawsuit if‚Ä¶",0,,False,2020-05-13 14:09:24
1260572858243256324,2020-05-13 14:09:24,RT @JoshuaPotash: Republicans care about Americans dying from COVID about as much as they care about kids dying from gun violence.,0,,False,2020-05-13 14:09:24
1260572858109120512,2020-05-13 14:09:24,"RT @elespectador: ""Ser√≠a deprimente volver a encerrarnos por querer salir demasiado pronto"": Merkel
https://t.co/sYcm1mqb67 https://t.co/ox‚Ä¶",0,,False,2020-05-13 14:09:24
1260572858008436736,2020-05-13 14:09:24,"RT @Rconstantino: Oi? Atropelado, cirurgias, teste negativo, mas morreu de covid?! https://t.co/ukSmByBnea",0,,False,2020-05-13 14:09:24
1260572857983172608,2020-05-13 14:09:24,"@twittinsusan @LindaMarkss Wait....I thought we were #Winning this race....?

https://t.co/cMaVUagXlm",0,twittinsusan,False,2020-05-13 14:09:24
1260572857937133568,2020-05-13 14:09:24,Economia: Valor investido pelo Minist√©rio da Sa√∫de para combater Covid-19 chega a R$ 11¬†bilh√µes https://t.co/nbM2gkKYiv,0,,False,2020-05-13 14:09:24
1260572857890934784,2020-05-13 14:09:24,"RT @leeleeb50: Model now shows 147,000 US deaths by August, 

https://t.co/h6fDMAjbv4",0,,False,2020-05-13 14:09:24
1260572857794469891,2020-05-13 14:09:24,"RT @MikeForKY: Mitch McConnell never listens to angry people, he only uses them.

He let this crisis happen. He let others solve it. 

Now‚Ä¶",0,,False,2020-05-13 14:09:24
1260572857626697728,2020-05-13 14:09:24,"RT @DominiqueMeshal: Not them falsely claiming majority of black people are catching COVID-19, just to scare us into being the main ones to‚Ä¶",0,,False,2020-05-13 14:09:24
1260572857609969673,2020-05-13 14:09:24,"RT @marceelias: BREAKING: Hours after the South Carolina Supreme Court hears arguments in our case to expand absentee voting, the legislatu‚Ä¶",0,,False,2020-05-13 14:09:24
1260572857601572864,2020-05-13 14:09:24,RT @bbcswahili: Madereva 25 kutoka Tanzania wamezuiwa kuingia nchini Kenya baada ya kukutwa na virusi vya corona. https://t.co/RJxiDCqn3A,0,,False,2020-05-13 14:09:24
1260572857588948995,2020-05-13 14:09:24,"RT @porrafaelreis: sim eu so penso em vc........

    vacina pro covid",0,,False,2020-05-13 14:09:24
1260572857572233218,2020-05-13 14:09:24,"RT @karl_trotsky: Education Unions Warn Johnson To 'Step Back' From June 1 Return Date For Schools.
https://t.co/NlLZl7ujj4",0,,False,2020-05-13 14:09:24
1260572857567977473,2020-05-13 14:09:24,"RT @samiabomfim: O PSOL defende a prorroga√ß√£o do programa da renda b√°sica emergencial at√©, pelo menos, dezembro. S√≥ assim √© poss√≠vel dar tr‚Ä¶",0,,False,2020-05-13 14:09:24
1260572857475764229,2020-05-13 14:09:24,"RT @PaulOnBooks: I see Jacob Rees-Bolsonaro wants MPs to get back to the House of Commons, despite what his own government says. I wouldn't‚Ä¶",0,,False,2020-05-13 14:09:24
1260572857404399619,2020-05-13 14:09:24,"RT @SecretariadoGEM: Hacer cosas que te gusten en esta contingencia por #Covid_19mx, mejora tu estado de √°nimo y te hace pasar mejores  mom‚Ä¶",0,,False,2020-05-13 14:09:24
1260572857387700225,2020-05-13 14:09:24,RT @davidaxelrod: So the Barr-led Bureau of Prisons frees Manafort to serve the REMAINING FOUR YEARS of his sentence at home despite the fa‚Ä¶,0,,False,2020-05-13 14:09:24
1260572857333166087,2020-05-13 14:09:24,"RT @le_Parisien: Espagne : √† 113 ans, la doyenne du pays survit au coronavirus #International https://t.co/UJHoqQTW0W",0,,False,2020-05-13 14:09:24
1260572857194754048,2020-05-13 14:09:24,RT @nowthisnews: This new Joe Biden ad rips into Trump for his COVID-19 response https://t.co/PX1eV1Dcl0,0,,False,2020-05-13 14:09:24
1260572857144401921,2020-05-13 14:09:24,RT @khaiartzfar: Ad junior sekolah aku ni sekarang buat food panda. Masa awal kerja time covid aritu dia minta pinjam duit buat modal lepas‚Ä¶,0,,False,2020-05-13 14:09:24
1260572857131728901,2020-05-13 14:09:24,"RT @BoeingJapan: „Éú„Éº„Ç§„É≥„Ç∞„ÅØÊñ∞Âûã„Ç≥„É≠„Éä„Ç¶„Ç§„É´„Çπ„Å∏„ÅÆÂØæÂøú„Å´ÊúÄÂâçÁ∑ö„Åß„ÅÇ„Åü„Å£„Å¶„ÅÑ„Çã„Çµ„Ç¶„Çπ„Ç´„É≠„É©„Ç§„ÉäÂ∑û„ÅÆÂåªÁôÇÂæì‰∫ãËÄÖ„Å´ÂÄã‰∫∫Èò≤Ë≠∑ÂÖ∑„Çí3Ê©ü„ÅÆ„Éâ„É™„Éº„É†„É™„Éï„Çø„Éº„ÅßÈÅã„Å≥„Åæ„Åó„Åü„ÄÇhttps://t.co/mcxhnxLl5h
#‰ªä„Åß„Åç„Çã„Åì„Å® https://t.co/ZewAt2Z‚Ä¶",0,,False,2020-05-13 14:09:24
1260572857081442312,2020-05-13 14:09:24,"RT @porrafaelreis: sim eu so penso em vc........

    vacina pro covid",0,,False,2020-05-13 14:09:24
1260572857014386700,2020-05-13 14:09:24,"Por temor a contagiarse de coronavirus, muchas personas no van al m√©dico y el 50% de las camas de terapia intensiva‚Ä¶ https://t.co/mrKKlft8Hz",0,,False,2020-05-13 14:09:24
1260572856980852738,2020-05-13 14:09:24,RT @MayorOfLA: We will continue to work in close coordination with County public health officials to chart the course forward in the fight‚Ä¶,0,,False,2020-05-13 14:09:24
1260572856972390401,2020-05-13 14:09:24,RT @HowellONeill: Facebook‚Äôs AI is still largely baffled by covid misinformation https://t.co/y72YMYQ6IQ,0,,False,2020-05-13 14:09:24
1260572856867577860,2020-05-13 14:09:24,"RT @muruga_TNIE: The number of Corona cases so far in Tamil Nadu crossed 9,000; Today alone,  509  more persons tested positive for this in‚Ä¶",0,,False,2020-05-13 14:09:24
1260572856821432321,2020-05-13 14:09:24,"RT @DrRJKavanagh: Tiffany Mofield, a 43 year old woman, has died of COVID-19 in a New Jersey prison, after begging guards for 5 minutes to‚Ä¶",0,,False,2020-05-13 14:09:24
1260572856787898374,2020-05-13 14:09:24,The covid-19 is starting to take over Nepal too. No quarantine facilities due to lack of knowledge of the villagers‚Ä¶ https://t.co/jrREzGcxTR,0,,False,2020-05-13 14:09:24
1260572856771121152,2020-05-13 14:09:24,"RT @WandaWomanHere: ‚ô¶Ô∏è‚ô¶Ô∏è‚ô¶Ô∏è‚ô¶Ô∏è‚ô¶Ô∏è‚ô¶Ô∏è‚ô¶Ô∏è‚ô¶Ô∏è‚ô¶Ô∏è‚ô¶Ô∏è‚ô¶Ô∏èPete Hegseth: Time to confront Chinese communists and anti-American global institutions

https://‚Ä¶",0,,False,2020-05-13 14:09:24
1260572856687177730,2020-05-13 14:09:24,"RT @vishj05: Few days back Anurag Thakur said that Covid-19 won't impact Indian Economy.

Today he is announcing the package to revive Econ‚Ä¶",0,,False,2020-05-13 14:09:24
1260572856678780928,2020-05-13 14:09:24,"RT @Timcast: CNN is actually one of Trump's greatest assets 

Their constant stream of fake news proves Trump right while keeping ""resistan‚Ä¶",0,,False,2020-05-13 14:09:24
